{
    "@context": "https://w3id.org/ro/crate/1.1/context",
    "@graph": [
        {
            "@id": "./",
            "@type": "Dataset",
            "conformsTo": {
                "@id": "https://github.com/MADICES/MADICES-2025/discussions/25"
            },
            "datePublished": "2025-10-25T10:23:43+00:00",
            "hasPart": [
                {
                    "@id": "results.3.nc"
                }
            ]
        },
        {
            "@id": "ro-crate-metadata.json",
            "@type": "CreativeWork",
            "about": {
                "@id": "./"
            },
            "conformsTo": {
                "@id": "https://w3id.org/ro/crate/1.1"
            }
        },
        {
            "@id": "https://github.com/MADICES/MADICES-2025/discussions/25",
            "@type": "Profile",
            "version": "0.2"
        },
        {
            "@id": "https://orcid.org/0000-0002-4359-5003",
            "@type": "Person"
        },
        {
            "@id": "concat:WHDEPS",
            "@type": "RepositoryObject",
            "hasPart": {
                "@id": "#2859c8c6-ac8e-489b-96ff-82bfe66f49d8"
            }
        },
        {
            "@id": "#2859c8c6-ac8e-489b-96ff-82bfe66f49d8",
            "@type": "RepositoryObject",
            "hasPart": {
                "@id": "./"
            }
        },
        {
            "@id": "results.3.nc",
            "@type": "File",
            "author": {
                "@id": "https://orcid.org/0000-0002-4359-5003"
            },
            "encodingFormat": "application/netcdf"
        }
    ]
}
